,cat__protocol_type_icmp,cat__protocol_type_tcp,cat__protocol_type_udp,cat__service_IRC,cat__service_X11,cat__service_Z39_50,cat__service_auth,cat__service_bgp,cat__service_courier,cat__service_csnet_ns,cat__service_ctf,cat__service_daytime,cat__service_discard,cat__service_domain,cat__service_domain_u,cat__service_echo,cat__service_eco_i,cat__service_ecr_i,cat__service_efs,cat__service_exec,cat__service_finger,cat__service_ftp,cat__service_ftp_data,cat__service_gopher,cat__service_hostnames,cat__service_http,cat__service_http_443,cat__service_http_8001,cat__service_imap4,cat__service_iso_tsap,cat__service_klogin,cat__service_kshell,cat__service_ldap,cat__service_link,cat__service_login,cat__service_mtp,cat__service_name,cat__service_netbios_dgm,cat__service_netbios_ns,cat__service_netbios_ssn,cat__service_netstat,cat__service_nnsp,cat__service_nntp,cat__service_ntp_u,cat__service_other,cat__service_pm_dump,cat__service_pop_2,cat__service_pop_3,cat__service_printer,cat__service_private,cat__service_red_i,cat__service_remote_job,cat__service_rje,cat__service_shell,cat__service_smtp,cat__service_sql_net,cat__service_ssh,cat__service_sunrpc,cat__service_supdup,cat__service_systat,cat__service_telnet,cat__service_tim_i,cat__service_time,cat__service_urh_i,cat__service_urp_i,cat__service_uucp,cat__service_uucp_path,cat__service_vmnet,cat__service_whois,cat__flag_OTH,cat__flag_REJ,cat__flag_RSTO,cat__flag_RSTOS0,cat__flag_RSTR,cat__flag_S0,cat__flag_S1,cat__flag_S2,cat__flag_S3,cat__flag_SF,cat__flag_SH,cat__class_anomaly,cat__class_normal,cat__service_category_Diagnostics,cat__service_category_Email,cat__service_category_File_Transfer,cat__service_category_Network_Services,cat__service_category_Other,cat__service_category_Remote_Access,cat__service_category_System_Infrastructure,cat__service_category_Unknown,cat__service_category_Web,num__duration,num__src_bytes,num__dst_bytes,num__land,num__wrong_fragment,num__urgent,num__hot,num__num_failed_logins,num__logged_in,num__num_compromised,num__root_shell,num__su_attempted,num__num_root,num__num_file_creations,num__num_shells,num__num_access_files,num__is_guest_login,num__count,num__srv_count,num__serror_rate,num__srv_serror_rate,num__rerror_rate,num__srv_rerror_rate,num__same_srv_rate,num__diff_srv_rate,num__srv_diff_host_rate,num__dst_host_count,num__dst_host_srv_count,num__dst_host_same_srv_rate,num__dst_host_diff_srv_rate,num__dst_host_same_src_port_rate,num__dst_host_srv_diff_host_rate,num__dst_host_serror_rate,num__dst_host_srv_serror_rate,num__dst_host_rerror_rate,num__dst_host_srv_rerror_rate
PC1,-0.013680223682823223,0.030096993209103425,-0.01641676952628007,-3.504981412957888e-05,-5.8259621034851345e-05,0.003199105926961086,0.002527205129353292,0.0026794783972298574,0.0028282773118706132,0.0019580537945235147,0.002263172822796767,0.0020324033379324966,0.001900525883658138,0.0019160797515866026,-0.014454480367899378,0.0011144922894939756,-0.011588573958430033,-0.0020868566449301945,0.0018905336299444397,0.0014729010917753757,0.003892871560906423,-9.102138083054542e-05,-0.004157397851722748,0.0018622753648584935,0.0017185176179728959,-0.10021137204160922,0.001865288705652891,2.3918690115966455e-05,0.0024354963630280513,0.002447999218218567,0.0015320276158768242,0.0011113475046587555,0.0015092019726037154,0.0014659293391297344,0.0013513388901640522,0.0016457623489309285,0.0016715203800820218,0.0014795094270266993,0.0013411911752278832,0.0011512254547389428,0.001481398269281987,0.0020794373179988316,0.0010633953846220603,-0.0001784367014428705,0.0034623924596142944,1.8626601710190514e-05,0.00030131118926186076,5.118403056848228e-05,0.00022154267008609046,0.060926357717377005,-1.1068705125282548e-05,0.0002624312323913149,0.0003419695315822422,0.00018404093574459922,-0.01346401340463259,0.0007224040804012815,0.0009996981790112833,0.0012733176711959466,0.002101674166490653,0.0015955620736851494,0.003189674807143016,-1.673824038128818e-05,0.0021895768572655627,-1.478299274472543e-05,3.779685878814901e-05,0.0026023051698323076,0.0023803646889275797,0.001974257674228111,0.0026196811613863336,-1.1107840370740322e-05,0.013396734036023192,0.0019321226401280648,0.00029797470501587733,0.0017919484250699547,0.1372285791604511,-0.0002700463185248459,-0.0001354551845883641,-7.801015524886046e-05,-0.15474526634411237,0.0005925268761570222,0.14369890864967652,-0.14369890864967652,0.005292024518195924,-0.004826295330758003,0.002624784256151036,0.005545114966006545,0.07363726833300517,0.0098410290243739,-0.0005231101657361346,0.004869073679743438,-0.09645988928098191,0.005786217440816995,-0.0007389688787384147,-0.010062377671890641,0.0003728461921152947,-0.002532602239183984,-0.0009319060576679285,-0.020508586033969857,-0.0025217652428451962,-0.2525889925393996,-0.008603500950755886,-0.013152125716289672,-0.008201607087059588,-0.008603636213293835,-0.0030430747425901385,-0.005001809755113322,-0.015033557490616831,-0.020113712721086044,0.23231377818753235,-0.03257753084140688,0.30793452072484295,0.3068029019806117,0.0538592863553726,0.05330579211270325,-0.3285043618369609,0.10397975946779409,-0.12103446885988257,0.2066551787199074,-0.2811919621947145,-0.3107726185529282,0.09021476948027617,-0.08151714437868458,-0.08307968697198322,0.3089194706604792,0.3088748640774701,0.051416814902986836,0.05391627967207784
PC2,0.0009008562630528995,-0.0009616340443902457,6.077778133722813e-05,0.0008697066239678116,0.00018389361705455274,-2.3063097026992207e-05,0.00017700646001020452,-7.128079771437419e-05,-0.0003347683911233642,0.00029898663715778194,0.00013684418009094601,-0.0005338227485103246,-7.783319851864996e-05,-0.0004688836740267815,-0.007008815780914363,0.0002453968780153471,0.0006769077112340773,-7.142917134082695e-05,-0.00021944489354731866,0.0002534811403039908,-0.001499214552318631,-0.0004075853031689386,-0.002690055980822943,-4.408247945283261e-05,0.00024883551811157484,-0.02797125193482704,-0.00011750506416278653,2.8088206935563275e-05,-9.027147372506173e-05,-0.0003012181271780107,-0.0001528227965867348,2.302802832531162e-05,0.00019713596374316733,0.00036673774336925695,-0.00016490296107379127,-0.00010454168157810472,9.09517805565576e-05,0.0001225234325574693,6.450986546269794e-05,0.00023366831507424076,-0.00044728487757997694,-3.0442108737009567e-05,4.375510949678749e-05,1.9339204889150075e-05,0.020936765873316148,4.66013383893766e-05,6.28522077642531e-05,0.00027138923245422354,-9.00443951850754e-05,0.024454782935425412,3.612574989469628e-07,0.00017008636928136122,0.00016567759886483072,-0.00012868034190525708,-0.005196086142290127,0.0003891563270585249,-0.00010308359306036208,-0.00033804943267028094,-0.00014974589905565974,-2.4132107150057766e-05,-0.0019323111274180264,3.962027612665856e-07,-2.7776807932247095e-05,4.5507644983588534e-06,0.0002900694984010963,0.00017489832570050725,3.438628418627701e-05,-0.00025500832864135077,-0.00020733136271378451,4.7632133266136916e-05,0.09891518310437195,0.012088853340319838,0.0003594287542222766,0.024048058488811485,-0.08501597508303893,-0.0007108333997535751,-0.00018594578573107287,-0.000104326673292154,-0.04936675476442978,-7.532011474612763e-05,0.034373643938914705,-0.034373643938914705,0.0006463869211366883,-0.0049441428202655026,-0.003107801567652416,-0.0077792146411402,0.04486828131425811,-0.002205291651414867,0.0003098829960307037,0.000316650720554556,-0.02810475127150709,0.1275120149502054,0.007982178363273395,-0.003670607151964334,-0.0027695256246870067,0.010582611164276723,-0.00032041481499561774,-0.0072141284258259025,0.011796535237390252,-0.10332868977094456,0.00593747243188243,0.0025869917786563003,0.005827237374153027,0.00597299613368108,0.0018990694100473754,-0.0014255024650128853,0.001401432785060134,-0.006805738525786985,0.037121308837843335,-0.025832406676702835,-0.18819982521232512,-0.19113156716286545,0.4174337652444932,0.41771934193279153,-0.02519267008369085,0.15648810228693974,-0.012350803774182378,0.0022016384700110792,-0.09731913990905947,-0.0871274585863538,0.23878687616684957,0.09616394148745777,0.045851708370397974,-0.1877518372791619,-0.18945401623761868,0.4086887845651023,0.416579088946767
PC3,-0.0030316665872375864,0.007837157897851632,-0.0048054913106141935,4.753049435368728e-05,7.994526827654792e-06,-4.975465953040178e-06,-8.663770831529564e-06,7.546177204380282e-06,2.5770984543502547e-05,-1.2574402511493664e-05,-7.644042907688695e-06,1.362494449006938e-05,1.7572601933867265e-06,9.306743595649103e-06,-0.004055593613817802,-1.0809187398920418e-05,-0.0012830542870912425,-0.001665427082372083,1.7700532667840924e-05,1.0954072179319207e-05,3.8772676229096374e-05,0.0003488982535256522,0.00028482638532707007,8.52706997219089e-06,-1.8626238675026233e-05,-0.007849164928645345,3.170016306392781e-06,-6.634551408278707e-07,4.360061844844075e-06,5.875139415904675e-06,2.770250908807544e-05,2.3727034492936256e-05,-7.393142213239183e-06,-2.192976407861297e-05,2.4880110477450703e-05,4.011839349918229e-06,-5.0464519705994655e-06,-9.67952434495098e-06,-3.823246810157038e-06,-1.3861436434437872e-05,1.5457651968528577e-05,9.605126364478753e-06,1.2319362647934506e-05,-2.7062322469479744e-05,-0.00016376237104305993,-1.723424693160907e-06,-3.62452273759865e-06,-2.7308293586123804e-06,4.887045850355437e-06,5.8745343371633225e-05,-1.3005795606664615e-06,6.571892178417654e-06,-6.069792428159952e-06,6.7757620294916414e-06,-0.00015318544640294767,1.8972301616070003e-07,1.7186171261067744e-05,8.572956437799447e-06,4.063065566790184e-06,9.790381859547785e-06,0.014344620874978132,-1.8644101803508668e-06,-2.0216850113667477e-05,-2.136645048503074e-06,-7.788358298474738e-05,1.7006067255125727e-05,-3.3567265338311235e-06,6.897852426316004e-06,4.221435454999122e-06,-3.146078258479248e-06,-0.004374700999380186,0.0005103821271458291,5.378365844158724e-06,0.001129942397117694,0.003523897582945193,0.0012027485316003284,-1.3036246006359301e-05,-5.0639947826309e-06,-0.002022078529053711,4.567684282815269e-05,-0.0009718688724775643,0.0009718688724775643,-0.00010160461258065155,-0.00012966479197437306,0.0006650745122418613,-0.004127002407010324,-0.001683288011567735,0.014455846534506466,-0.0012487431738190133,7.5132477113661676e-06,-0.007838131297507593,0.07032155500313632,0.0021748642871327484,0.026415482805091157,9.200033450139997e-05,-0.003173081298988337,0.023217618198245,0.008067521309277008,0.02189568977362569,0.016818624603689235,0.4947492299136368,0.3453456776855962,0.45985509668740454,0.4949077954096703,0.035911875381227386,0.01695257153843585,0.40893078189504845,0.00355483930231839,-0.013112983987257713,-0.020379662969388344,0.010271180608197898,0.010677901724001659,-0.007841583194359467,-0.0076741620709205784,6.9900683206769086e-06,-0.0021905402119849382,-0.009677283624712084,-0.006130625928910068,-0.028886869187992104,-0.023065764198129408,0.007099272280547305,-0.0022671295067986405,0.004442913211135395,0.012039304683950581,0.012281982598415241,-0.011007952676862783,-0.009161432347678657
PC4,0.10930297132955479,-0.14698791188531038,0.03768494055575551,-0.0003078680638156758,-9.977578215924515e-05,-0.0006243241767305749,-0.0005444679378730263,-0.0003594526773162594,-0.0007562047124528165,-0.0006095088226908608,-0.0005723141895668837,-0.00028623460557576386,-0.0004675949673806562,-0.00047421022793203,0.007146931947374443,-0.00031453141543485893,0.08553638312639716,0.023393049196807507,-0.0004465730308733632,-0.0005085030811676358,0.0023542200501609736,-0.02464333038176532,0.009440352738496045,-0.00024887571987986873,-0.0005317171877165677,-0.11657813730828841,-0.0006471699295518621,-3.2349682979577304e-06,-0.0004065564320562816,-0.00024886614654180065,-0.0003880110424138121,-0.00023755494129115676,-0.00042110475710029446,-0.0005025007564564542,-0.0003633698648731396,-8.258976591959881e-05,-0.00026128943972257476,-0.0004265598963439257,-0.0002796659368616181,-0.00036112604733932677,-0.00016731175553391512,-0.0006197427872440748,-0.00022226563727176493,0.0006214773879697587,0.01800615532045423,-9.913657928971994e-06,-9.694734878588089e-05,0.0002887108948502187,-1.232036079975003e-05,0.013929089947489965,1.6203929090179897e-05,-1.3057630597401181e-05,-0.00010091943429975843,3.5426446446352376e-05,-0.004040886526091495,-0.0001152057113005323,-4.5561762881836214e-05,-0.00018593216335216316,-0.0003102803747310413,-0.000176797299405664,0.0004331502053105162,9.038080700928409e-05,-0.00024456498833388013,4.099844679400103e-05,0.0002259558234567451,-0.0009338229603451108,-0.0006212743413844547,-0.0002679601535573827,-0.00037049716087279925,0.00010207673715642587,-0.029091583238125728,-0.0062784574941480206,0.00022287745874914394,0.00703061704386182,0.007103141363710882,-0.0004655667273280231,-0.00016200550538667102,-0.0001005476468780892,0.01972858707565517,0.001910860932733088,0.09608202232960204,-0.09608202232960204,-0.0009908152239611616,-0.005843658584498891,-0.017204647975872223,0.0035169838519254902,0.05596573688265418,-0.001074424040870713,0.08428551137235593,-0.0011772683557145084,-0.11747741792601812,0.08020792534551584,0.006781463387800359,0.007568919074576315,0.04627114998507907,0.06737302586530983,-0.004930554941999762,-0.25315993650963264,-0.01784097714941567,-0.2784637582109862,0.0024820134352400327,-0.0009674668145851166,0.002416559817076065,0.003149271856199691,-0.026885288776044312,0.0016862913894820925,-0.011316356016267867,-0.2552658095639998,0.017789752658029144,0.13498675841740035,0.017549660460242082,0.017294763594053537,-0.08569740570926102,-0.08802762762649177,0.053567816132957406,-0.019074732978224377,0.3069574761438227,-0.21009969203210585,-0.14674106584429683,0.00449694102554705,0.10532417068446905,0.5064309342986554,0.4451677929707066,0.015418656137351891,0.016566828039136103,-0.07489385472452353,-0.08702114614340582
PC5,0.0078902352169692,0.04462354183913319,-0.05251377705610239,0.0004932758896521401,0.00017602494693300176,-0.0005774197393097059,3.4868611541125965e-05,-0.00035446612692128463,0.0002767606329071688,-0.0003168239585361959,-0.00035188538126965514,-0.0003507833780571354,-0.0002741066723905201,-0.0003910286847583339,-0.05591025016036974,-0.000214483330611861,0.03476964589437438,-0.02721067051994149,0.0003141130170048426,4.9056771759688544e-05,0.0027348672066369695,0.05041282137683538,0.016023912081550774,-6.004139004952416e-05,-0.0005345789531209087,-0.047832018839139234,4.537640025542795e-05,-6.070033645480819e-06,-0.000424008851121673,-0.00029520001594732237,0.0001744694323846423,0.0001240823143321971,-0.0001325559445737895,-0.00046690684009612483,0.00012106019721563995,-8.627078994962497e-05,-0.00024327771148913193,-0.00031605406162325556,-0.00018636902657214897,-0.0003059742314205009,-0.00012997310148357062,0.00010787346549744737,-2.013718711355331e-05,0.00018752476724988055,0.005017415328526759,2.298599274101999e-05,-8.627004535769262e-05,0.0006986435326687727,4.203057407067447e-05,0.008532614328189058,1.7098698884424448e-05,2.9599162273130027e-06,-6.982561417974362e-05,5.1988686524090056e-05,0.011254360806854071,4.850857736557518e-05,9.276085311639904e-05,-0.0002130426873903531,-0.0002487170817659855,-0.00017605027700616494,0.006157588084000171,3.359381777454321e-05,-0.00020290997801962243,3.176318164814214e-05,0.0002488041442292307,0.0003792539154284479,-0.00019532999484122684,-0.00016952288074988342,-0.0003250799555568786,6.817321544052824e-05,-0.01629728433571317,-0.0025355280514740195,0.00019878516268177998,0.008158911433677698,0.014993973213468265,0.0007830148999242502,0.00010653529638501594,9.191412043799558e-05,-0.0070072668716253655,0.0014387719167970336,0.03413627922626971,-0.03413627922626971,-0.00048622954899467315,0.011382524930300886,0.0669347703959782,-0.059277982235792503,-0.011353682392677523,0.006771006339332834,0.033736644381165665,0.00014570199326588334,-0.04785275386257882,0.08660883004834832,0.014489157200617381,0.01590250592160108,0.026861678857558104,-0.015117886362024413,0.004271243957902783,0.525692945529491,0.03685760412275993,0.06680223688528726,-0.027187120691593233,-0.0005453241312673832,-0.015606001801564769,-0.027461104664311634,0.07368738399149119,0.019334019628691034,-0.0211165553335171,0.5281256602839437,-0.24533627285745105,-0.3353310316360934,0.03790589947490604,0.03839058032514386,-0.03203874426834498,-0.03221591476182753,0.012308716566344542,0.02062054383228379,0.15565590368301896,-0.19632845259596693,-0.21918950339024107,-0.1267429729727212,0.10490446268354083,0.14889230778826906,0.2210804604569231,0.03970441619323668,0.03800023320891609,-0.032332444160238755,-0.029747850570903466
PC6,0.04891246390856094,-0.16916056782173658,0.12024810391317539,-0.0008118831775804414,-8.627191242625952e-05,-0.0007182267270981503,-0.0011536897244288156,-0.0007806571606993009,-0.0019290987232506945,-0.0007379388191636369,-0.0008429685215000267,-0.0004026310508788126,-0.0006152180673419697,-0.0002979219351663022,0.07614083282851017,-0.0003605651353054297,-0.00970467093663712,0.05663590051176453,-0.0010637575010285295,-0.0009764769775660778,-0.002581132610305802,0.03031647545149496,-0.002690566747854544,-0.0010127617196297458,-0.00032342777558937847,-0.12264175394919867,-0.0014179068062910355,2.2537985316497082e-05,-0.0006748792137445354,-0.000641152085809129,-0.001029099696447341,-0.0006917805835687345,-0.0006785926888053917,-0.0003506826847039185,-0.0008785483658790784,-0.0005661091332065555,-0.0004396181757938444,-0.000464813167223513,-0.0003866899547156985,-0.0002757979417844684,-0.0003839692625400409,-0.0013679615730883186,-0.0004062389537111418,0.000449661775165162,0.02656398934203084,2.607964036849761e-05,-4.539166580364293e-05,-0.000437170232184031,-0.00011187086373392134,4.890716014651323e-05,2.1569487491976944e-05,-6.147377618985142e-05,-6.724542545547749e-05,-9.454387345674731e-05,-0.019336052295002782,-0.00036376689137496154,-0.00046478567992870557,-0.00021978116897806494,-0.0005243610627288092,-0.00046566307681240534,-0.0049292491254485865,1.892373841823931e-05,-0.0007923674595288715,3.4853366757973756e-05,0.0019058877407653646,-0.0016899054696167363,-0.0006682471303099705,-0.0007285326195406145,-0.0007997517521740367,4.110202392739498e-05,-0.030570447351686673,-0.00349969044417392,2.323440368251688e-05,0.0005126818890430926,-0.05140795039447751,-0.0018529591119065367,-0.00044679866631817884,-0.00029428118857516197,0.08742950919024087,6.559965024409158e-05,0.014247506789454495,-0.014247506789454495,0.00018856224965462236,-0.023566769902860458,0.02420399860268518,0.07121406776158684,0.07790818705881919,-0.00906448430229527,-0.013250551904080088,-0.0025831250737069857,-0.1250498844898031,0.04579372248241792,-0.0015661506967804975,-0.006835132481326867,-0.02207037705463963,0.146217242165397,0.0022507990399423298,0.3218435195956511,-0.0008090293174587412,-0.17862566830986495,0.009809594232609343,0.0006430631342080922,0.004875099924668277,0.009849977126875296,0.028154317830185138,0.007417498004701076,0.0005527786786228717,0.32355896793490524,0.2910388143733249,0.5384778917262028,-0.11705072683022259,-0.11902954620053391,-0.1041042533363097,-0.10301051605054715,0.08285788348990589,0.05519303338348663,-0.16661380269183604,0.248834510543773,-0.01419083041982681,-0.0397008903675085,0.10290136988439265,0.1571937767635209,-0.1467874027894915,-0.11053590866113334,-0.11211380971828358,-0.07903010848585512,-0.10002853277017167
PC7,-0.05508834912553305,0.0009621822991185806,0.05412616682641447,0.0010788159824672507,0.0007308801017529768,-0.0023940117806595246,-0.0019579142058154106,-0.0024094593629071007,-0.0016020081040404805,-0.00171376128168881,-0.002242364102245003,-0.0015698813035406232,-0.001524624370666814,-0.0013190038501672968,-0.023057866248459482,-0.0010949569124027534,-0.03849537195619529,-0.021942059875658906,-0.0008985094552789464,-0.0010416628491262635,0.0013878099483845985,-0.01854602213525498,0.027716986578717618,-0.0013574306785879336,-0.0018137998012884694,-0.011196139484439373,-0.001017237780800348,7.131188056905417e-05,-0.0022781030028874148,-0.001997872500892013,-0.0008092943825503222,-0.0004880461647329016,-0.0011660153577878222,-0.001736366177879173,-0.0007248695422250986,-0.0014614605947759736,-0.0013220888572642745,-0.0014954689654506218,-0.0009728060543567123,-0.001133841103718106,-0.0008406068668895362,-0.0014187109862784457,-0.00037114171924059456,0.0008666598755656331,0.06122133458181363,0.00020618314019504785,-0.00024122855459170837,0.0007169732591064364,-1.272980502551398e-06,0.04598627475321071,4.5639331893107955e-05,-4.5847884277119177e-05,-0.00018166532674309568,-2.800070892905167e-05,0.019760919130346853,-0.0003349498442396761,-0.0005267222706991611,-0.0008425088476138125,-0.0012912495326103455,-0.0013311437068622485,0.0047946450502933426,1.5113805614960949e-05,-0.001956195934589849,0.00012579749028864768,0.005162532078524397,-0.0016370390710929545,-0.0019904290552478204,-0.0017867274484934623,-0.002282118006098369,0.00021214484328562546,-0.06479954050116568,-0.012366809377863644,0.0009410477927965598,0.02754942669164082,-0.02872686247809726,0.0008885226073678708,4.641645700981465e-06,0.00016546523177839476,0.07299884923375506,0.0031331143108012283,-0.0712261793069905,0.0712261793069905,0.0006933204612015736,0.014271649727004135,0.004644986861842926,-0.039319818642274275,0.08327276701419047,0.0011760491320305419,-0.047816985414365715,-0.0034224730763710177,-0.013499496063258582,0.35291751480026395,0.08475839256713445,0.04889256201355176,-0.05160453668531368,0.20658711337047464,0.010832848684075662,-0.18215992928728011,-0.012703847288844425,0.12866187688910433,-0.031204151387200712,-0.015911635000272525,-0.017639350466940172,-0.030878186429130507,0.10790651951549958,0.03871276122602077,-0.014155631876905217,-0.1769176622337141,-0.23405563325612525,-0.2446314618565264,-0.04754563123013376,-0.053553906642839724,-0.1527505920022582,-0.14919137819140862,0.06252737021180604,0.3236850266708177,-0.19823939433737134,0.12237505258825092,-0.0890133709295322,-0.14700136273691145,0.4424205072185877,0.1074842684745572,-0.25522415247205016,-0.04234638497223534,-0.04904257673314308,-0.13968534582421216,-0.14388546554694687
PC8,-0.009848187637211788,0.023465193145528862,-0.013617005508317008,0.0015401024481011749,-6.680133088319956e-05,0.0006271237308161506,-0.00016898769359044498,0.0007262390844321165,0.000922711881728024,0.00022227740201026866,0.0004313240433120959,0.00047724354328398797,0.00031841425239395143,0.0001838757881359972,0.005730989302529618,0.0002756546424848971,-0.01278661415538786,0.009065725810415606,0.0005525158342336236,0.0006386443233832441,-0.0018754683993273424,-0.0018205387397502684,-0.0011828883290527616,0.0005208411068509779,0.000247558064765761,0.012349851633012474,0.0006748490356706032,-0.00012062418119565897,0.0008894546542955078,0.00019761712176800036,0.0006943696300498994,0.0006665366932786062,0.0004027747563860628,0.000399160758347935,0.0004927039070751033,0.0002997930808162502,0.00032465155080945444,0.0005142888607322245,0.00020607417345534922,0.00019581938972306506,0.00022448816825773021,0.0007969046833747303,0.00023587182840605997,-0.00045251359748280274,-0.023508604442505437,-0.00032154786534481104,-6.114661692115945e-05,-0.0010935282503802362,2.996726277829707e-05,0.005149909313524398,-4.782368305160998e-06,0.00035985575832082835,-0.00010924989066685602,8.101764354836208e-05,-0.019889116361518997,0.00031378102042365654,0.00016186736148631598,0.00013388805487244876,0.0004105292722967388,0.0005886155486515847,0.01713398077994432,1.5112706256737084e-05,0.00044196555526474196,-0.00011227351783669575,-0.0060253561123544234,0.001215217566850114,0.00046921515131246656,0.00044190019758828493,0.0006067674750483337,-3.920317111139842e-05,-0.029338354294655703,0.005835499097948754,0.001515118842406233,0.04213839549215882,0.02607834825510606,0.0013623235560759114,8.008096410535057e-05,1.446356333077051e-05,-0.047426807178975426,-0.00021986512638937032,0.0206866451120294,-0.0206866451120294,-0.005423454219393427,-0.018773475462380576,-0.0007664785164068268,0.00931238029332052,-0.00841211467464099,0.01986912033876586,-0.010218668101707943,0.0009877727481050174,0.013424917594338406,0.5402192260389459,0.33897164881191544,0.10141555788491537,0.011449495226308821,-0.0457461328656583,0.01347898944950284,-0.0038274019729378525,0.23507621883637794,-0.037587142366469664,-0.0407674541451205,-0.014604809404233775,0.00383841812714983,-0.04345442136979667,0.38505518728490284,0.026978467899549902,-0.036982119080774034,-0.028116152976624707,-0.04716059439695388,0.0866098984616333,0.052515283624061236,0.05992452548931232,0.06839259125666204,0.061420379188193486,0.10938841139919821,-0.5021105210931658,-0.1076069632044644,0.029534034616742883,0.022670574928798568,0.018007473647080222,-0.1871318633044188,0.07116133771831656,-0.059459396209798974,0.061451076435249975,0.06301426273604138,0.05028682462624098,0.05376375104516324
PC9,0.00518114731517456,-0.0013229719272923753,-0.0038581753878821966,-0.000327095824113256,-9.608536147539965e-05,1.3696173827665534e-05,0.00020390641598358166,2.176686898112253e-05,-9.885942033295041e-05,6.130845764515058e-05,7.043421745881178e-05,1.5714922214397433e-05,4.1723656001191756e-05,6.592426253880476e-05,0.00013974613152578492,2.8436367569905015e-05,0.0025765720266410735,0.001931552247362738,-6.149053562006898e-05,1.5330116842573869e-06,0.00010499687631621559,-0.0030611436250626307,0.003554744834464818,-5.133381565227337e-05,7.535322967251409e-05,-0.010355054641500954,-0.00011181628443324982,1.2262695975467159e-05,-1.4215450872936275e-05,7.88831718330543e-05,-2.7639922017861292e-05,-5.592890053770371e-05,-7.541821286406975e-06,4.9180093718982356e-05,-5.541033869725778e-06,3.4368974563281e-05,1.2152304838707665e-05,9.19049752180465e-06,1.8058247735738484e-05,3.87771943116735e-05,1.0946040293949697e-06,-6.669197767588993e-05,-3.0850674825661427e-05,2.4220585856760645e-05,-0.00046415375741093256,3.663828205502311e-05,2.4097119550215867e-05,0.00018372226774825606,-1.1650833636904731e-05,-0.008813941664462026,1.5690939613093294e-06,-5.790402423831235e-05,2.31906893332742e-05,-7.354385788096255e-06,0.0004876844477814515,-4.3468063662975124e-05,3.139836597129198e-05,2.235928714224818e-05,-1.4210476341317842e-05,-2.038419848416397e-05,0.013096990687875232,-1.0727322930555783e-06,5.06832991681457e-05,1.2134731548621608e-05,0.0006603919479539019,-0.0001209701256708447,4.6931872263546536e-05,2.9547125648466566e-05,3.346226299159804e-05,-9.58549093919526e-06,0.006844457358949566,0.0015491125959404162,-0.0008295472512899017,-0.008506842965840698,-0.005893342339703421,0.0013319416966078683,-6.64694601227662e-05,-3.1408406953634875e-05,0.005837887341771184,-0.00022620307841942348,0.0029959002449310946,-0.0029959002449310946,0.0008502555642557722,0.0006128867466935732,0.00035807242037482124,0.0005362227971414475,-0.007641549625761246,0.013033457823317399,0.0026772859055199123,7.93104140693631e-05,-0.010505942045611026,-0.10484299142745532,-0.14174368980325658,-0.042534037062017714,0.001909090282962466,-0.02727278872245382,0.8359396321695606,-0.013321389405807842,0.09357912108043133,0.01165779550533506,-0.10188355334770238,0.3207718778299017,-0.011757694358684167,-0.09854905467498079,0.24521643597051687,0.24763212384848254,-0.07837966092147887,-0.036452896176366795,0.026389715687131804,0.015022426606030983,-0.010764886228491578,-0.01056893310022832,-0.0028835098854810277,-0.002888236878406357,-0.013653552609451353,0.05212758303038368,0.002757365789713997,-0.010737463531969445,-0.01967697832582736,-0.0065625185696684355,-0.004046028892500481,-0.011053833636419094,0.02175030724522893,-0.009329404730550004,-0.011047031718479766,-0.002333273677444043,-0.0018845876391691148
PC10,0.01721881238384978,0.02783136665148209,-0.04505017903533191,0.00040426518489601826,0.0002073470592003808,-0.0002627254347288184,-7.068180476783451e-05,0.00017474583346714688,-0.0006902662898341038,-6.066255657629029e-05,-0.00010505726853270621,0.0001635200209285265,1.5103617000078182e-05,0.00020673355354985655,0.010718414529077536,-7.062628390559048e-05,0.004053158857386396,0.011679252284368282,-0.00030961482077492653,-0.00046977806010144787,-0.0006293106066828997,0.0002411237126241391,0.0034150210497497814,0.00019594605363273737,5.9825381630299327e-05,0.013677575045692033,-0.00028328809727113134,7.199126461073226e-05,0.00014161406060963843,0.00028203721593334224,-0.00043440241214016186,-0.000197480392748211,-0.00021034811065286986,-9.569727332938352e-05,-0.0003155692035616026,3.292065489201588e-05,-0.00017395427901398803,-0.00016375433537716693,1.581255815314267e-05,-2.1733237458787056e-05,0.0001460067454089742,-0.0005742148472896031,0.0001726330362523438,4.044674659929682e-05,0.02841436063399295,0.00011762010545847125,5.29990518499793e-05,0.00020693621393682446,-2.5215784949292483e-05,-0.06910007602231134,-4.148768136834713e-05,8.387711959609424e-05,3.451742636675914e-05,-6.7719557600020195e-06,0.002309745307439491,2.2697124895130265e-05,2.6649293421430987e-05,0.00018245994415991932,-0.00015941283405078506,0.0001448626202498587,-0.0038184568408254974,-4.010728928358121e-06,-0.00014557645145324235,1.321796219648172e-05,0.0015186816901953482,-0.0007475962520989197,-1.4823048276267097e-05,-3.7378180145591024e-05,-4.147864506209341e-06,-3.7200892215999957e-06,-0.008379669439116078,-0.007876017068869265,0.0020961061554589057,0.008651447786560351,0.005157950288535927,-0.00010968056310774615,0.00010981121575351919,9.174658885719117e-05,-0.0004551600896704738,0.0007171852148192705,-0.0431142330105363,0.0431142330105363,0.0014434414121154535,0.00213299882367784,0.0025841106412238107,0.010891962206729874,-0.02961095237291277,-0.0052158095717154875,0.004673044126678304,-0.000561019532461371,0.013662224266664354,0.1610254019171388,0.2792619105267969,0.008297166622301684,0.02054122865682339,-0.8149606014960192,0.03741992255432776,0.023837146578379237,-0.2991014031147701,0.06377029228349125,-0.005068190617415014,0.023020181640326952,-0.029709386575558796,-0.003561401673125296,-0.028133976621866348,0.06453140586153516,0.009888374937688883,0.012917745406722686,0.1149191256882379,0.10348036268570444,0.006658668822735524,0.013616215438765898,-0.020583075275940433,-0.01670322487105742,-0.030775892925337882,0.23192927375129135,0.01855486451051246,-0.00419723002602518,0.056633970649429315,0.049801586070699094,0.1221048374524885,0.0881028650270309,-0.0014273129614623212,0.010573286602880906,0.012296387638465486,-0.07796336738444547,-0.015421089834152931
PC11,-0.01307284517696021,0.0021097530874098006,0.01096309208955047,0.0004229092630742413,-8.364886106474804e-05,0.0003751154773010149,-5.423929264861466e-05,0.00018889404092341252,0.000618932478011067,0.00011429817145872558,0.00017363135482433028,6.606687009302199e-05,9.484026107580482e-05,-3.7113270597949405e-05,-0.00797649672462226,0.00011789823683558584,-0.005826704086645306,-0.004719744954387817,0.00035239390108782713,0.0003322606126215191,-0.0002667489241777363,0.0013150743638791777,-0.001598905177431489,0.00019749830336335315,3.9451879595976065e-05,0.014360092863499024,0.0004501508630010428,-6.047392214189989e-05,0.00021052133005446236,-3.3710656480076863e-05,0.0003375065697094989,0.000278427607669783,0.00022432413780050777,0.0001458744791801248,0.00022899962950069476,9.154314116833635e-05,0.00021087722055068044,0.00021758633904225125,7.130105913378056e-05,6.683846539870678e-05,1.9496082510084842e-05,0.0005159527342240894,5.090441777597976e-05,-0.000179537588910097,-0.014101293383330387,-0.0001415038199663891,-3.823141230902607e-05,-0.0004341747603622395,2.903947695775997e-05,0.036885221508263746,5.8792129140780046e-06,0.00011325367054082288,-3.156679619084225e-05,2.1729814739756863e-05,-0.006804841077689449,0.0001443881539512392,1.0974102603486864e-05,-3.5793581778589755e-05,0.00025311360671982874,0.00015786593350722235,-0.01592467221031159,5.019710171750623e-06,0.00010892472906206727,-4.6893200279060046e-05,-0.0024904018587338676,0.0007438443912566096,0.00018215028029639315,0.0001571133330364679,0.00017851548167439573,1.5427647719163498e-06,-0.003906665154977457,-0.004834689382782722,0.0019607093972238594,0.014858642688814448,0.009974503026300322,-0.0018933194859946244,1.353369445996143e-05,1.4821467555886764e-05,-0.016086418890866212,-0.00010266012450536387,0.02788844193531507,-0.02788844193531507,-0.0022815301031578637,-0.006282590853060599,0.0009945577590885143,-0.007090561642418092,0.018973273633715704,-0.014714773873466853,-0.005120610140538673,0.0005749671121163104,0.01494726810772155,0.1270110471662884,0.35193063021054616,-0.05037871484077782,0.004651176759278097,0.30292447617113366,0.2834763058402562,0.03969557578457655,-0.630613051442867,-0.016947937442720506,0.01115792508848201,0.08942149533779722,-0.06453906390369572,0.015467177480559409,-0.44056823032248693,-0.030318486559367662,0.001726874206144255,0.03631210040570048,-0.06944129515283264,-0.046197732177889465,0.018460126468410488,0.01746974083534625,0.02738955434222554,0.02495447939385151,0.030918316810379928,-0.22353072267378624,-0.03141246485399643,0.03250059725898,0.004968501896672977,-0.012079007811929467,-0.07873213724598808,0.009540684112400211,-0.021697201587132904,0.0081794889569252,0.01285253417461414,0.0423575478461679,0.020834079387483904
PC12,-0.002531990706008047,0.006049071787704324,-0.003517081081696264,-6.442590576876633e-06,-0.00028186099822077973,0.0002593495978759775,0.0001964111949338346,0.0001962031166122583,0.00027391955071128947,0.0001708198249841825,0.0002037432624126121,0.00010495485301311098,0.0001322911408319907,9.445282563307524e-05,-0.004072055021743703,0.00012192690865469711,-0.0020119207166097103,0.0003393609211171654,0.00021139979047983922,0.00016909521340621137,-0.0004040190742845843,-0.002256483658404239,0.01574302673922428,7.391062129717182e-05,0.00013630261243924614,-0.005090685959797625,0.0001503051515801068,-2.09154757115325e-05,0.00018024567819023053,0.00011404488292046145,0.00013992863338509087,0.00010076798402943836,0.00013881640824410271,0.0001633097961205796,0.00010442820920222948,0.00011593208499783031,0.0001413209254292246,0.0001596219592874583,8.725251429061995e-05,9.904477624016044e-05,4.554047237547889e-05,0.0002334123179762459,3.354380461004258e-05,-6.573364234876546e-05,-0.006354053593709748,-4.926290376563046e-05,9.87148550607778e-06,-9.484471772513552e-05,3.7999403251557485e-06,0.00505579429323787,2.469972232881845e-06,2.8331912946606493e-05,7.819570056458654e-06,7.285126123456687e-06,-0.0017702796298996108,6.060046835401048e-05,3.765988905777564e-05,3.220932206882648e-05,0.0001493256548355803,0.00011557329470414481,-0.0037503192993042387,4.41118755778386e-06,0.00014768881314388741,-1.635752859573287e-05,-0.0008499545417104394,0.0003963514451279533,0.00027169002565843403,0.00015190809131163737,0.0001777150876537641,-6.681875125696759e-06,0.00342606104359335,-0.00022352476934612818,-0.0006303868290568468,0.0013141734633129825,0.0014346576751893907,-0.00042788695783898135,-6.977986961123001e-05,-2.1413590712400605e-05,-0.004634295592028978,-0.0001609226983754529,0.004069233019548828,-0.004069233019548828,-0.0004507325023818259,-0.0011967240036230302,0.014365984342086283,-0.002750879223582178,-0.0010896053539146222,-0.0031911542441000356,-0.001257658777709358,0.0004581554258566485,-0.004887385662631867,-0.010060336274549156,-0.09030643097026207,-0.11447410683548355,-0.00929071444169734,0.059156364691482624,-0.27489330772337606,0.004285030222431995,-0.1769997413322956,0.009749027769990459,-0.007849621028121645,-0.012925696120692762,-0.039295626453530116,-0.006297919143082008,0.04849391246945216,0.9214962430720868,0.063776576202189,-0.019147592677039152,-0.004298413058037603,-0.002615367474515236,0.0017364963257710964,0.0018735966519616324,0.012758609156058004,0.012094748483480812,0.002723668327881776,-0.07610954485268366,-0.014196905110582447,0.005423438509966835,-0.01644679727421583,-0.009104741605507831,-0.042212363652381804,0.017795143869766918,-0.009467728249082378,0.002526548708032591,0.002696853863296435,0.02061374796397463,0.013248414666773243
PC13,0.00389321733591774,0.004956890309365273,-0.008850107645283036,2.9004562957587785e-05,0.0015181723624542096,0.0001887307463570416,0.00017151128978498228,0.0001854988110205434,0.00015310894973360635,0.00014308523714294275,0.00019249466778279223,0.0001014254291547713,0.00013053644862291868,8.31695961434092e-05,-0.004537681857387488,0.0001126285456478685,0.002006052392776437,0.0020956907147678325,0.00018947119657320734,0.0001151851597139395,-0.003927398551538997,0.00038751244923692523,0.019208683191215655,2.7943487099095088e-05,0.00013239581174666912,-0.0076899398070568,8.393253406566536e-05,-9.144472777714577e-06,0.0004307550175228307,0.00015506371952518053,8.502324109271609e-05,4.9446934763910645e-05,0.00010830900996191447,0.00014064273104792273,7.059852987319918e-05,0.0001197249268609905,0.00010079989399127381,0.00012214155964788813,8.20800033989538e-05,9.045212051299866e-05,5.001295356612102e-05,0.0001544475719790847,1.1310532154588352e-05,5.9410946483468696e-05,-0.0035352521553978413,-1.1155320106699034e-05,1.5559708950407848e-05,4.763008303898356e-05,-2.628597120421553e-07,-0.0038956524554831524,6.038125684208666e-06,1.03883733299943e-06,1.7265457093639646e-05,1.0918213219125938e-05,-0.0052728303126719205,3.812588056009824e-05,4.5966628086183635e-05,4.343560707027388e-05,0.00010809671534305663,9.810694315952804e-05,-0.0015263107262263739,1.8881342226767417e-05,0.00020813327581150313,3.2466411841637724e-06,-0.00023669188072167793,0.00030344350684778827,0.0002872058944869554,0.00015032052944445175,0.000152453733159509,3.818044924241143e-06,0.004754052379661729,0.0005511474893806896,-0.00060483537588008,-0.002444504903815004,-0.0026670084966588497,0.00012837196728371353,0.000355204338790788,4.044703683560332e-06,-4.9064647838373024e-05,-3.122549953241051e-05,0.013437480280995392,-0.013437480280995392,0.00021597857032031942,-0.004471380784128619,0.020376316238360496,-0.0031636190796820152,-0.007300805569167361,-0.0011491720194773112,0.0027528932033472277,0.00032699769909701155,-0.007587208258669756,-0.0535622886803385,-0.09617908973024654,0.8793875677445314,-0.4249659433446915,-0.026837156312399805,0.026665339186160302,0.0038688690523727177,-0.05047945712632067,-0.021675803715115093,-0.0065774135154244165,0.0059830433730125865,-0.0140621139508156,-0.006204379485218091,-0.10822008634180186,0.09463212150573014,-0.014942808613477573,0.0035445418880987777,0.007012534803347795,0.0009444376106827983,-0.006243773475432191,-0.005585668877131122,0.0070803565959949785,0.006510711313416386,-0.007158440761308747,-0.026471197291789077,-0.02532023085767664,-0.036509494502980126,-0.02799866758116064,-0.00033509307338754855,-0.03466874733465994,0.035829024887361574,-0.017741392871286503,-0.0015492740458949235,0.004497697465311951,0.007629947828730433,0.007823500006145458
PC14,-0.013653456967105454,0.011271549775111684,0.002381907191993778,7.018854043410463e-05,0.0007327239338297914,-0.00010642029309906307,-0.00017630318094209057,-0.0002529081271537842,-0.00024742370768146343,-0.00013848748087035123,-0.0001415659232380637,-0.00014045757322435264,-0.00011323910955348909,-0.00012616323687022723,-0.0006131195065047337,-6.194722859935488e-05,-0.014078127123269658,0.00047954562097793997,-8.803245714909903e-05,-9.386642882816788e-05,0.007916018427060032,-0.0004476245686574497,0.00745565732408797,-9.716041340023827e-05,-9.561527389548573e-05,0.008801602413605095,-7.807841711654171e-05,4.539945486772528e-06,-9.531047994303382e-05,-0.00021678712366264222,-0.00010148539378829716,-7.78111370996026e-05,-9.113846889935292e-05,-8.518531928274483e-05,-9.302709430182964e-05,-0.00015844493010410971,-5.79225005033948e-05,-9.526491458516524e-05,-7.636746319728598e-05,-6.239960797386159e-05,-9.815060629486119e-05,-0.0001398522512303591,-7.907560728046051e-05,-1.0079511604834563e-05,0.0017550274880774595,6.381124157985794e-06,-1.7075339895692912e-05,2.9111493441878134e-05,-8.461967961492865e-06,0.0011080939272242539,-4.671678473751882e-06,-1.9625824865594136e-05,-7.303852927383345e-08,-1.628946923917321e-05,-0.007245440771378543,-6.213860442620456e-05,-6.435284491342606e-05,-8.086633911560107e-05,-7.232391729347527e-05,-0.0001550505231584375,-0.001154285638247689,-4.3846919622228205e-06,-0.00016151220065796767,-3.049733083982191e-06,-4.2769361293772105e-05,-0.00013703201718218256,-9.965034202536019e-05,-0.00019153481007831813,-0.0001834586647958696,2.895734076124635e-06,0.001763824443015879,-0.0005104729713151937,-0.0005111377560741028,-0.00024408841000384595,-0.0006760403494151316,0.00018612929516899249,0.00017467015808289566,1.0391556141983239e-05,-0.00021428221041836003,1.811051074075451e-05,-0.009204945269221538,0.009204945269221538,-0.0003652466020465735,-0.007793701893607673,0.00668331793907388,-0.0019197786869023152,0.01181639622021699,-0.0016011180064181886,-0.015114991241853185,-0.00033578125703803566,0.008630903528575073,-0.014900288014427394,-0.08167775597496209,0.4131161055224485,0.897825929048989,0.02396989364132493,0.0024258825605395972,-0.00017021870467291917,-0.047132674896453175,0.00973730638992425,-0.003326145627281198,0.0006250214438862692,-0.007870102643326432,-0.0032352356931553044,-0.024781943528024274,0.043408848318050024,-0.005359031771747614,-0.002068519443792406,0.0021548628477778137,0.006632341645921921,-8.370504202535393e-05,-0.0005463208394466072,0.0010068224660124499,0.0010761841191812601,0.009988386140972848,0.015319323099659147,-0.09162443270106699,0.011373827706474346,0.004265502649106795,0.010365295292239153,0.00993958140389457,-0.0007011053589568249,-0.011868310643337914,0.0020632729715400282,-0.005396643630023609,0.004112037973866463,0.0032989305713193562
PC15,0.005175954507290977,-0.01182470136376916,0.0066487468564781224,-0.0007692342861693233,0.0005230862558100467,-0.00017875754689458036,0.0002259142791993281,-0.0002013520537793953,-0.00032496515967465016,-1.56838879369387e-05,-3.085629570414199e-05,-8.346759491056519e-05,-2.728083432120685e-05,3.166743251504108e-05,0.001888095481649492,-5.7361304872640346e-05,0.0041815943675846375,-0.0015644007549109452,-0.00017591449823093526,-0.00018268657255311377,0.0011705910846850848,0.003400693039024994,0.006716278291997711,-0.0002870819860546268,1.566726229185369e-05,-0.017387703799681783,-0.0003487454235028715,3.9262595384479035e-05,-0.00022260080864139299,1.8498825294754423e-05,-0.00021496006895887918,-0.00026838222535461133,-0.00012142429163750949,-5.6520310835784725e-05,-0.0001222172794901073,-7.24514356784476e-05,-9.804475537736076e-05,-0.00012485163208350982,-5.321308995780985e-05,-1.7044323781420252e-05,-4.8217954825935544e-05,-0.00027121463643768417,-0.00012311477671041792,0.00017229316563000885,-0.0010580820785708262,0.00013366906549302433,3.719862431998488e-05,0.00039464591456912296,-1.8045397303631703e-05,-0.007639912325867131,9.928606264458833e-06,-0.00019417768310651314,4.3029334557417554e-05,-2.7673649682682392e-05,0.0052488695461355905,-0.00018810236461907982,-4.0801335838079566e-05,2.948871136943911e-06,-0.00014321818249789212,-0.00020555211048044843,0.0067694906095798115,-4.543758997132402e-06,2.6173180228119455e-05,5.232196243083275e-05,0.002501054084919152,-0.0003839442127508854,-4.5994306873989416e-05,-7.845086937385984e-05,-0.0001247240157709874,-2.266848753856396e-05,0.012936441896805283,0.0052195919384923515,0.004560743339193499,-0.026181938063369124,-0.010711908329638196,-0.00042754712244019304,-4.25478775464106e-05,3.07856577587497e-05,0.01523541166310954,-0.0005963646148269265,0.00043543141896434614,-0.00043543141896434614,0.002576931525212164,0.004994349452061358,0.009511118313166908,0.0015073821796479233,-0.009732988652539073,0.005912769477702329,0.0034541843589481085,-0.00023947804034489038,-0.017984268613854805,-0.24431747245751162,0.6979790089547393,0.05738786359710784,0.04155091225155048,0.08135440462817681,0.0347890230013309,-0.020025561818835424,0.5050560651205666,-0.012979615439552667,-0.0033026214057815394,0.016361760966389104,0.03593003211843362,-0.0031309423520305252,-0.29758967771131556,0.21262267328784157,-0.02234558050710313,0.015677809066978788,0.034005334058281746,-0.0076423170955492335,-0.02306605063458823,-0.02607698543974729,-0.012500111941846066,-0.010639140899122733,-0.040122756709131256,0.1738070581874347,0.030769307826519463,-0.05155903718645845,-0.02720647676601653,-0.001858753916824735,0.0014686659307192756,-0.06658946752734896,0.017798518685645724,-0.025858559082884428,-0.02530440087167159,-0.024459730468038315,-0.02106530922008715
PC16,0.013747399443281266,-0.017944092265016618,0.00419669282173528,-0.0011691677223072635,0.0003729404580228165,0.0002627449971814125,0.0007174307846531608,0.00026789925882610594,-7.892112889496187e-05,0.00037395271420084396,0.00039659401040420235,0.00014189243621610958,0.00023586171179114151,0.00030524024077208475,0.0032525845414532527,0.00011485701798676621,0.01485026269479427,-0.0033954892843863493,-0.00021351806197019219,-6.276373851251747e-05,0.00023956775871110888,-0.004792215763276802,-0.010060791571465435,1.0898010038669963e-06,0.0003837015499745909,-0.01085701124922674,-0.00025114088847579886,4.344372227097435e-05,0.0001911724235297263,0.00042499350550540417,-0.0001585252406343385,-0.0002522142128984176,4.5215987719488196e-05,0.00026124957115061684,-4.696036112940484e-05,0.00020144558214570848,0.0001500559841068094,0.00011386448360283716,0.0001042345013847075,0.00019894631873017715,6.906262323710179e-05,-9.797274964970753e-05,-3.443110363139517e-05,-0.0001789102315702208,-0.012509401863590827,0.00013732329097786524,0.00011084180023554487,0.00045602053379064283,-2.7968579629514345e-05,-0.003309973865965427,-8.676706872485431e-06,-0.00021873101701812452,9.95241148479264e-05,-5.557284753761041e-05,0.012628984930838362,-0.00013522718127976244,2.1021802212102123e-05,0.00014556852752871583,5.6443170298563196e-05,3.4831597032579054e-05,0.007711793874136219,-4.216446516521889e-05,0.00017751905697453244,2.348760302345795e-05,0.002319979601887571,-0.0003598099984519015,0.0001668461878561541,0.0002537236791854272,0.0002533453833396195,-9.616214966238516e-05,0.03420802939482356,-0.0016194235210260546,0.0024241392048078556,-0.03607387898521173,-0.013925344808240835,0.001411668453821265,-2.433199800160176e-05,-4.195420240880126e-05,0.015503333992328302,-0.0017660753812295548,0.009889311241500916,-0.009889311241500916,0.0031772620640331374,0.013647620170068618,-0.015259489207308177,0.0052735149905136355,-0.01923072483271068,0.007156779275636031,0.015897929136209816,0.00040072701798533655,-0.011063618614427716,-0.28917759533844356,0.3685805577740391,0.1141258316365731,-0.00881784223442865,0.2119854751473828,-0.11424348975408612,0.015513206989346157,-0.3671352505025201,0.002376490893602532,-0.00714778693821003,0.0036151159838702152,-0.009353354715658782,-0.008704945842792793,0.6726419934422775,-0.09083057066167452,0.04853557186894616,-0.03906391427294634,0.07524565414025079,-0.0011955296531762623,-0.026427482356244435,-0.031802361077196986,-0.005138727301211578,-0.002075306800298985,-0.07280851307970489,0.18424408360160485,0.15175642597265868,-0.012857532835512366,-0.0024791742587567506,-0.00011131094700762198,-0.04669605737928854,-0.14743509504740987,0.09275200260269445,-0.02221715364559829,-0.029603581389456943,0.008422677159987752,0.0005002672969811584
PC17,-0.001298623318654854,-0.05141428322508782,0.05271290654374257,-0.00025505132363656656,-0.00013494352283229094,4.721437635080739e-05,-0.0002771054976539998,0.000558298126334817,0.0015868517506067604,0.0008464179178932551,0.0001454756345623482,0.0005388534836508187,0.0003165525628274251,0.0007539467257742488,0.058579817183309395,0.00015327121748500103,0.014023052934121002,-0.01901515532854665,0.00025131029604011254,0.00042035122756755547,-0.003172812330768277,0.0006036712113282915,-0.0258497014028846,-0.0009000941047471673,0.0005931997096591482,-0.09428116744562198,-0.0002656747503743495,-2.5250941618796783e-05,0.0009339490078501282,0.0003126824516337783,0.00036677361513272246,0.00031353724283212405,0.0005865620045371134,0.0004899575428311705,0.00037390047494657744,-6.727426088560404e-06,-0.00012974567456801284,0.0005647957119756751,0.0004066233397041038,0.00043448766015437886,0.0003885490446161882,0.0005745647902674119,0.0005932765013114439,-0.0004283011896193174,-0.005510960479019626,3.457194952828325e-05,0.00012082699216585616,-0.0011203910100589423,1.8600885923791458e-05,-0.014649309319756222,7.574157877478744e-06,0.00010749094019343926,-5.8703197302552955e-06,-5.0988176469336364e-05,0.08373939690901092,0.00027666235203116344,-0.0003005310130622824,0.00034749127959622476,-5.910694027784715e-06,0.00038135238932933164,-0.009548476128721468,-0.0001275357837268169,-0.0002218328004016781,-2.4358775816871472e-05,0.0038377994774369422,0.0008193541231770626,8.128749706779549e-05,0.0003396248991667849,0.0004379178419431202,-0.00019231557161037948,-0.012500231138563484,0.0031871446623747287,-0.00043569681286379793,0.007914124205931065,-0.013600929833656534,-0.003061710919854139,-9.513998178794596e-05,-0.000182414147539627,0.02202194048217384,-0.003054770944603736,-0.022344118027136005,0.022344118027136005,0.0043433504401737405,0.08670032806877945,-0.02409407827527142,0.06347206753773052,-0.0428139437306111,-0.008425432757774088,0.015884945726528387,0.0004049502328067866,-0.0954721872423623,0.18666654159806495,-0.04154087861302215,0.0572888726162195,0.04854726791643681,-0.01839580753060441,0.13052999409678695,-0.007596686106953421,0.04892326134994554,-0.054841216624316645,0.04935030716734802,-0.24403925993528314,-0.06449505913328783,0.050143222887186145,-0.04578136117028678,0.05246127158902099,0.13772473082556325,0.00950135503452518,-0.04977810785589695,-0.046602796206487974,-0.043620449598440185,-0.04626972280160087,-0.003950090918221264,0.004771772470766127,-0.025678823572967746,0.02206924561281945,0.7433489471178525,0.3599481564006158,-0.005310498039885596,-0.07234400146065005,-0.09050835926853774,-0.17451442393373684,-0.22958549311093063,-0.026824528111189176,-0.032899311829980085,-0.013581814204680326,-0.009035884551718745
PC18,0.003961061825718567,0.011067646490755808,-0.015028708316474477,-0.00011911530284090757,8.963393779431783e-05,-4.70033159555392e-05,0.0003898479364468186,-0.0002269301074992166,-0.0004283201329980125,-0.000281881264590236,-3.3699087508458545e-05,-0.0002300406507701907,-0.00012731727838184896,-0.00027228594916225025,-0.0182857888011059,-5.239037792350258e-05,1.324654675595058e-05,0.004733477149867973,5.0025007993471204e-05,-0.00013045409520271594,0.002304238353684774,0.0015105783010271531,0.016423993946072208,0.00035302789098783696,-0.0002289696778785034,0.02323386971018434,0.00012802138312141654,2.50366282059805e-06,-0.00041529870879466156,-0.00012788831347709624,-0.00011539781547137559,-0.00013198796752741208,-0.0001616850799786496,-0.00016820620182232354,-0.00013769529228038806,5.063041840254395e-05,6.16114207251995e-05,-0.00017988626315671696,-0.00013400101123253668,-0.0001492768505654247,-0.000154756254679637,-0.00010880422726129028,-0.00024514097411277425,0.0002869704634145039,0.0021642019392957047,-1.8601363457217285e-05,-4.636843951026301e-05,0.0006954114739821946,-3.953386220243637e-06,0.003314545287704786,2.0331222005460272e-05,-6.572154931952161e-05,-2.90734209448224e-06,1.4000138112763784e-05,-0.024687647690450027,-8.805746851030782e-05,9.79428265926832e-05,-0.00015295804638447414,-1.5211438066673101e-05,-0.00016742337407670463,-0.00716122868148947,4.693678473410193e-05,0.0001955341438773391,2.8131238098288995e-05,-0.0008810611157432685,-7.955576787580925e-05,5.988946802003051e-05,-0.00010196109305895393,-0.00010172289328753575,9.95739371643753e-05,0.006986610141244768,-3.526856718521882e-05,0.0001270185624438795,-0.008334117181312425,0.0021259197018065994,-0.003989084425465856,-4.501272393677813e-05,4.0699293958345734e-05,0.0018120930829906865,0.0012115681782916313,0.0013635186792282485,-0.0013635186792282485,-0.0010176699781763677,-0.025409245736473702,0.017964930955237074,-0.01973707307273233,0.01247951730389501,-0.007564820887265963,-0.0006483833914638482,0.0002153221598660021,0.023717422647114128,-0.09665320448729063,0.017828141579023425,-0.01810927770612709,-0.014776132759275626,-0.016898637537123527,0.3176203743722682,-0.016437970435465955,0.007699630159860132,0.00013243388569143314,0.19968950968258461,-0.7506551179451025,-0.17639637382609732,0.20382523526321839,0.07174878480721865,0.05011858202066985,0.3254460460773657,0.011410169319768385,-0.00011906110354187839,0.0012581289506695844,0.00035508457627739275,-0.0006963956901943954,-0.00737162289689675,-0.006906103552809665,0.012860927792706858,-0.03017286345274775,-0.25807279329710775,-0.10093604458325517,-0.007249689520318374,0.0020792666634060707,0.04138175209011961,0.042619484435055074,0.11105134944436257,0.009457833970848569,0.0071674326440058014,0.005805279320053679,0.0031726446561372817
PC19,0.01276003840558553,0.11277459149505695,-0.1255346299006425,0.0008120163285396226,-0.0008785107160124192,0.0005895560162855102,-0.0025057414688958424,0.0010188539424278594,-0.0034771996101094576,-0.00036940320279002975,1.9489503888057082e-05,-2.441223992069147e-05,2.6075432598014705e-05,-0.0005926320013414009,-0.07801532333003669,-0.000305812739587146,0.0016910904185023397,0.02327023785791703,-0.0023686820455374913,-0.002114055537702573,-0.010495856218363348,0.004813319324849977,-0.08983133879310767,0.0023377531587659285,-0.00022732300496176717,0.21380539408613533,-0.00012478106744770996,0.00021510768961124262,0.0008236488074640581,0.0011434507095369473,-0.0019772852791787574,-0.0011063356275487388,-0.0017399997607050743,-0.0006327841155381204,-0.0014953711138433513,0.00038457120002181275,0.00018958298625864974,-0.0010958391820237092,-0.0007240618939687196,-0.0005773457963725665,-0.0001801752990903477,-0.002419285539272665,0.00015321968567532808,-0.0033899528189838503,-0.0036065186720352607,2.98759500257026e-05,0.00015723563211688003,-0.0018779977428842265,-0.00011727728635189822,0.016769028601402933,-0.00038179023381199924,0.00018819925919951697,0.00011385332665807497,-0.00015650801772146172,-0.028129291979301016,-0.00033132357338706966,6.155274542400584e-05,0.00018509059239013538,0.00011772200964867072,0.000656373865960752,-0.008534324672221445,-0.00016532740559683327,-0.002291231042743724,-0.00035794511377578526,-0.011296227117649126,-0.004309113267744299,-0.0007266202677813245,0.0001675399748255241,-0.0007888343107844371,-0.0002643001942562401,0.00679050187240389,-0.013245740995456204,-0.00027671891973554685,0.012825901661091356,0.05191126416904924,0.0016051420787789416,0.000968561579523537,0.00021310069853923113,-0.060897977537800976,0.0003702655878627583,0.0770317372029448,-0.0770317372029448,-0.012431661723909101,-0.0327197884098285,-0.09242243504932086,-0.09009482420408091,0.02676383423394763,-0.015322327502792261,0.004730556537888176,-0.004736827748968987,0.2162334738670648,0.34265954440295804,-0.04357201426525715,0.039793626261302055,-0.01766317194491991,0.27725949550089235,0.037547326252689577,0.09357459113557623,0.05039425734495859,0.21457923149984984,0.0006445986705223763,-0.039968448926158924,-0.011105304955502868,-0.000888459094698453,-0.03384469447446116,0.05222522137779854,0.017442276659287905,0.055709598976907186,0.3457374203966502,0.17318555732697766,0.13579007369818405,0.12156804325081438,0.011555546895160983,0.020203840265690342,-0.02946673016420046,0.26886798928783445,0.2047085692171888,-0.2174612352012394,0.29218817633503325,0.24140071670816896,0.18089891245080408,-0.08079143130541248,0.08282545885303139,0.1045311117672385,0.10934232916785575,0.019824878420938188,0.024891077145825485
PC20,-0.009406795328977665,0.14505686313600102,-0.13565006780702352,0.0007654138152914457,0.0006460339574181351,0.0022832374909128963,0.001155488573170069,0.0007965052462824199,0.00010196290454650965,0.002091213496262244,0.0010147530232598773,-0.00021187885171417549,0.0006860538896611744,0.0002345224851697694,-0.12535852694983285,0.000799059733154582,-0.05445418293975489,0.05445098839837475,-0.00023071953877509878,-0.0005450397299847422,-0.008452450744901845,-0.0020359333907455112,0.07201329703171985,-0.0005098562862261228,0.00014185705124744174,-0.03870086254903697,-0.0008317608477283985,9.956136228984193e-06,0.0031485584007803257,0.0006316988823539167,-0.0010097488033825432,-0.0006616408109559704,-0.0009681325561693815,0.0003551093312771385,-0.0009377141700143356,0.000593150798835645,0.000981697707238694,-0.00022228633389154414,-0.00036318502863955603,-9.85922070685346e-05,-0.0006460253205362549,-0.0008058747980868348,0.00042441728920664297,-0.0007980096248454071,0.01625368104289544,-0.0002963252366101502,0.0003973640110173895,0.0006564926446717521,-0.00016885815742339138,-0.01521078213464087,5.391418637229013e-05,0.00017095319845819085,0.00021045552820082058,-2.655005832735972e-05,0.10524632723157878,-0.00023898927547520094,0.000291503844120983,-0.0003370079483279461,0.0011069648938012405,0.0003189538323972506,-0.005618923134789841,0.00013286224023246682,-0.00029603842761266044,-5.7946398120973394e-05,-0.009532430816081253,-0.00032295660359472905,0.0021520032741497055,0.00037664853575119605,-0.0007438704327446091,0.0003613423423887532,-0.013439190909201456,0.004133390122831283,-0.0001021681718092835,0.003312640599332865,-0.018356387933260707,0.0012956513244110654,6.060774593311764e-05,0.00042397693835125147,0.01731732500007888,0.004992812940944227,0.024402943269229524,-0.024402943269229524,-0.007200059378131833,0.11206633597806362,0.07157569077275411,-0.1293120648136886,0.05286638179716732,-0.008508112863333845,-0.05197621491960971,0.00052056697354141,-0.04003252354676255,-0.19651323406941207,0.019953819086842784,-0.025276057171785663,0.029091748581574144,-0.015279312270271172,-0.009636841133899196,-0.059757008998764426,-0.014649101698973658,0.3319842581692468,-0.02604386240155404,0.008430642923473779,-0.027757915033073483,-0.023320651765470556,0.011236095882841522,-0.050262524243027455,0.08993445531628891,-0.03743775621056636,0.24922768488174352,0.13505369967195424,-0.020159756678736256,-0.02498982566276041,-0.014075861284027437,-0.013480028233613973,0.02987125626468618,-0.29866294906320323,0.19037277561073576,-0.3533561406231403,-0.26706238972050705,-0.18873664412639857,0.17206657117825225,0.1755144697555628,-0.4521010452018298,-0.011624168938975476,-0.023514875412363873,0.04591738551767399,-0.009970804332786878
